Название видео;P1;P2;P3;P4;P5;P7;P8;P10
f8b9e19d-f454-40f9-948d-907731823033.mp4;0;300;302;304;306;308;310;312
a73afde3-ea62-40bb-b6e4-4008a4d8ce0a.mp4;36;38;40;42;44;46;48;50
6a9de841-481e-4f0f-9b47-8ca2be41891b.mp4;0;2;4;23;25;27;29;31
f8f1e5c4-068d-405d-8953-d640aaa08517.mp4;0;61;63;65;67;69;71;73
1366a9b8-ec83-4f9a-9593-235ee4623269.mp4;0;341;343;345;347;349;351;353
4bd7b045-a997-40e5-a60d-1b05d28d0992.mp4;56;58;60;62;64;66;68;70
67ae2f8c-9e3e-4215-b31b-c8b38e74a09a.mp4;0;58;60;62;64;66;68;70
00858b25-c5c3-4092-8ae7-5c61ada25097.mp4;0;2;44;46;48;86;88;90
949e17f3-2818-4815-bb1c-f26a0c95d179.mp4;0;2;4;48;50;52;54;56
5badc618-782b-43f2-86e6-365279981524.mp4;0;157;512;514;516;518;520;522
27e9571c-2170-4178-90a8-a1108aa3a977.mp4;0;2;213;215;217;219;221;223
c4cd4deb-ad1b-4097-9632-05e494a1c0e8.mp4;0;2;66;68;70;72;74;76
bc9d5d76-d043-4a86-9f65-79938f28393c.mp4;31;33;53;55;57;59;61;63
f18a27f8-6460-401f-8c67-33d09c27b87b.mp4;0;11;13;43;45;47;49;51
bae78440-7c67-4dfc-bc20-bfbb9dd54255.mp4;1;1;1;1;1;1;1;1
cc979b72-5ee9-412d-a3ea-a0e11b53ba29.mp4;1;1;1;1;1;1;1;1
f53cc53d-07b2-49d9-a7a4-2ec328cde5fa.mp4;1;1;1;1;1;1;1;1
229f1a5d-a573-41d2-a1c5-155bd3b643dc.mp4;33;35;37;39;41;43;45;47
0ae17d29-242b-40ec-bff6-fe6b23ac8824.mp4;0;2;33;35;37;39;41;43
55443cc1-03a9-4f61-a90c-acffe366f427.mp4;0;106;108;110;112;114;116;118
c0b93372-0b19-430d-a92f-5de0472a2a35.mp4;6;8;36;38;40;42;44;46
e2fb434c-7c54-483c-990f-e0f39d61a2ff.mp4;53;55;57;59;61;63;65;67
faefc825-90ad-490e-a2ed-8ca7bff04c2d.mp4;0;26;28;64;66;68;70;72
fa9aff59-a9ff-4220-8f8e-65d45faf85de.mp4;0;2;293;295;297;299;301;303
9e63c7c3-b4b1-40d0-b1fb-e6a8f726bffc.mp4;0;51;53;55;61;63;65;67
cf0d273e-7950-4098-8258-cf05285cc87f.mp4;0;55;57;59;61;101;103;105
a8d9aa0b-4b73-47e7-8d51-d3863895dc81.mp4;0;2;41;43;45;47;49;51
52bb20cc-2a34-46d8-9214-fe6fce5bf017.mp4;0;2;23;25;27;29;31;33
9c44433c-6534-4d20-90d1-2a2835b46291.mp4;0;77;79;81;83;85;87;89
5b18838e-44ea-4e91-94b1-13f60807c400.mp4;456;458;773;775;777;779;781;783
e147b321-1e1e-4812-869e-c2e248366fec.mp4;0;357;359;361;363;365;605;607
daf2ea36-8992-4f2d-8bb0-ddc950f019a2.mp4;0;653;655;657;659;661;663;665
30c305bc-3dbb-4f5f-8152-268c8c774667.mp4;31;56;58;76;78;80;82;84